pod,second,count
toolbox-0-sub-managed-1,0,741
toolbox-0-sub-managed-1,1,2
toolbox-0-sub-managed-1,8,773
toolbox-0-sub-managed-1,9,17
toolbox-0-sub-managed-1,10,10
toolbox-0-sub-managed-1,11,10
toolbox-0-sub-managed-1,12,10
toolbox-0-sub-managed-1,13,10
toolbox-0-sub-managed-1,14,10
toolbox-0-sub-managed-1,15,10
toolbox-0-sub-managed-1,16,10
toolbox-0-sub-managed-1,17,10
toolbox-0-sub-managed-1,18,10
toolbox-0-sub-managed-1,19,4
toolbox-0-sub-managed-1,34,10
toolbox-0-sub-managed-1,35,40
toolbox-0-sub-managed-1,36,40
toolbox-0-sub-managed-1,37,40
toolbox-0-sub-managed-1,38,40
toolbox-0-sub-managed-1,39,40
toolbox-0-sub-managed-1,40,40
toolbox-0-sub-managed-1,41,33
toolbox-0-sub-managed-1,42,37
toolbox-0-sub-managed-1,43,40
toolbox-0-sub-managed-1,44,40
toolbox-0-sub-managed-1,45,40
toolbox-0-sub-managed-1,46,40
toolbox-0-sub-managed-1,47,40
toolbox-0-sub-managed-1,48,40
toolbox-0-sub-managed-1,49,40
toolbox-0-sub-managed-1,50,40
toolbox-0-sub-managed-1,51,40
toolbox-0-sub-managed-1,52,40
toolbox-0-sub-managed-1,53,42
toolbox-0-sub-managed-1,54,40
toolbox-0-sub-managed-1,55,40
toolbox-0-sub-managed-1,56,40
toolbox-0-sub-managed-1,57,40
toolbox-0-sub-managed-1,58,40
toolbox-0-sub-managed-1,59,40
toolbox-0-sub-managed-1,60,37
toolbox-0-sub-managed-1,61,37
toolbox-0-sub-managed-1,62,37
toolbox-0-sub-managed-1,63,39
toolbox-0-sub-managed-1,64,40
toolbox-0-sub-managed-1,65,40
toolbox-0-sub-managed-1,66,40
toolbox-0-sub-managed-1,67,40
toolbox-0-sub-managed-1,68,40
toolbox-0-sub-managed-1,69,40
toolbox-0-sub-managed-1,70,40
toolbox-0-sub-managed-1,71,40
toolbox-0-sub-managed-1,72,40
toolbox-0-sub-managed-1,73,40
toolbox-0-sub-managed-1,74,40
toolbox-0-sub-managed-1,75,40
toolbox-0-sub-managed-1,76,40
toolbox-0-sub-managed-1,77,40
toolbox-0-sub-managed-1,78,40
toolbox-0-sub-managed-1,79,40
toolbox-0-sub-managed-1,80,40
toolbox-0-sub-managed-1,81,40
toolbox-0-sub-managed-1,82,40
toolbox-0-sub-managed-1,83,35
toolbox-0-sub-managed-1,84,38
toolbox-0-sub-managed-1,85,38
toolbox-0-sub-managed-1,86,39
toolbox-0-sub-managed-1,87,40
toolbox-0-sub-managed-1,88,40
toolbox-0-sub-managed-1,89,40
toolbox-0-sub-managed-1,90,40
toolbox-0-sub-managed-1,91,40
toolbox-0-sub-managed-1,92,40
toolbox-0-sub-managed-1,93,40
toolbox-0-sub-managed-1,94,40
toolbox-0-sub-managed-1,95,40
toolbox-0-sub-managed-1,96,40
toolbox-0-sub-managed-1,97,40
toolbox-0-sub-managed-1,98,42
toolbox-0-sub-managed-1,99,40
toolbox-0-sub-managed-1,100,40
toolbox-0-sub-managed-1,101,40
toolbox-0-sub-managed-1,102,40
toolbox-0-sub-managed-1,103,40
toolbox-0-sub-managed-1,104,40
toolbox-0-sub-managed-1,105,40
toolbox-0-sub-managed-1,106,39
toolbox-0-sub-managed-1,107,39
toolbox-0-sub-managed-1,108,37
toolbox-0-sub-managed-1,109,39
toolbox-0-sub-managed-1,110,36
toolbox-0-sub-managed-1,111,40
toolbox-0-sub-managed-1,112,40
toolbox-0-sub-managed-1,113,40
toolbox-0-sub-managed-1,114,40
toolbox-0-sub-managed-1,115,40
toolbox-0-sub-managed-1,116,40
toolbox-0-sub-managed-1,117,40
toolbox-0-sub-managed-1,118,40
toolbox-0-sub-managed-1,119,40
toolbox-0-sub-managed-1,120,40
toolbox-0-sub-managed-1,121,40
toolbox-0-sub-managed-1,122,40
toolbox-0-sub-managed-1,123,40
toolbox-0-sub-managed-1,124,40
toolbox-0-sub-managed-1,125,40
toolbox-0-sub-managed-1,126,40
toolbox-0-sub-managed-1,127,40
toolbox-0-sub-managed-1,128,40
toolbox-0-sub-managed-1,129,40
toolbox-0-sub-managed-1,130,40
toolbox-0-sub-managed-1,131,40
toolbox-0-sub-managed-1,132,40
toolbox-0-sub-managed-1,133,40
toolbox-0-sub-managed-1,134,40
toolbox-0-sub-managed-1,135,39
toolbox-0-sub-managed-1,136,37
toolbox-0-sub-managed-1,137,37
toolbox-0-sub-managed-1,138,39
toolbox-0-sub-managed-1,139,38
toolbox-0-sub-managed-1,140,40
toolbox-0-sub-managed-1,141,40
toolbox-0-sub-managed-1,142,40
toolbox-0-sub-managed-1,143,42
toolbox-0-sub-managed-1,144,40
toolbox-0-sub-managed-1,145,40
toolbox-0-sub-managed-1,146,40
toolbox-0-sub-managed-1,147,40
toolbox-0-sub-managed-1,148,40
toolbox-0-sub-managed-1,149,10
toolbox-0-sub-managed-2,0,791
toolbox-0-sub-managed-2,1,2
toolbox-0-sub-managed-2,7,4
toolbox-0-sub-managed-2,8,10
toolbox-0-sub-managed-2,9,10
toolbox-0-sub-managed-2,10,10
toolbox-0-sub-managed-2,11,10
toolbox-0-sub-managed-2,12,12
toolbox-0-sub-managed-2,13,10
toolbox-0-sub-managed-2,14,10
toolbox-0-sub-managed-2,15,10
toolbox-0-sub-managed-2,16,10
toolbox-0-sub-managed-2,17,6
toolbox-1-sub-managed-1,0,765
toolbox-1-sub-managed-1,1,2
toolbox-1-sub-managed-1,42,1
toolbox-1-sub-managed-2,0,819
toolbox-1-sub-managed-2,1,2
toolbox-1-sub-managed-2,57,2
